"BLACKROAD OS - PROJECT TRACKER & GANTT CHART",,,,,,,,,,,,,,,,
"Version: 1.0 | Import to Google Sheets",,,,,,,,,,,,,,,,
,,,,,,,,,,,,,,,,
"=== PROJECT OVERVIEW ===",,,,,,,,,,,,,,,,
"Project Name:","[PROJECT NAME]",,"Status:","☐ Planning ☐ In Progress ☐ On Hold ☐ Complete",,,,,,,,,,,,
"Project Manager:","[NAME]",,"Priority:","☐ Critical ☐ High ☐ Medium ☐ Low",,,,,,,,,,,,
"Start Date:","[DATE]",,"Budget:","$[AMOUNT]",,,,,,,,,,,,
"Target End:","[DATE]",,"Spent:","$[AMOUNT]",,,,,,,,,,,,
,,,,,,,,,,,,,,,,
"=== TASK LIST ===",,,,,,,,,,,,,,,,
"ID","Task Name","Owner","Status","Priority","Start Date","End Date","Duration","% Complete","Dependencies","Week 1","Week 2","Week 3","Week 4","Week 5","Week 6","Notes"
"1","[Phase 1: Planning]","","","","","","","","","","","","","","",""
"1.1","Define project scope","[Owner]","☐ Not Started","High","[Date]","[Date]","[X] days","0%","","█","","","","","",""
"1.2","Identify stakeholders","[Owner]","☐ Not Started","High","[Date]","[Date]","[X] days","0%","1.1","█","","","","","",""
"1.3","Create project charter","[Owner]","☐ Not Started","Medium","[Date]","[Date]","[X] days","0%","1.2","█","█","","","","",""
"1.4","Kickoff meeting","[Owner]","☐ Not Started","High","[Date]","[Date]","1 day","0%","1.3","","█","","","","",""
"","","","","","","","","","","","","","","","",""
"2","[Phase 2: Design]","","","","","","","","","","","","","","",""
"2.1","Requirements gathering","[Owner]","☐ Not Started","High","[Date]","[Date]","[X] days","0%","1.4","","█","█","","","",""
"2.2","Technical design","[Owner]","☐ Not Started","High","[Date]","[Date]","[X] days","0%","2.1","","","█","█","","",""
"2.3","Design review","[Owner]","☐ Not Started","Medium","[Date]","[Date]","[X] days","0%","2.2","","","","█","","",""
"","","","","","","","","","","","","","","","",""
"3","[Phase 3: Development]","","","","","","","","","","","","","","",""
"3.1","Sprint 1","[Owner]","☐ Not Started","High","[Date]","[Date]","[X] days","0%","2.3","","","","█","█","",""
"3.2","Sprint 2","[Owner]","☐ Not Started","High","[Date]","[Date]","[X] days","0%","3.1","","","","","█","█",""
"3.3","Code review","[Owner]","☐ Not Started","Medium","[Date]","[Date]","[X] days","0%","3.2","","","","","","█",""
"","","","","","","","","","","","","","","","",""
"4","[Phase 4: Testing]","","","","","","","","","","","","","","",""
"4.1","Unit testing","[Owner]","☐ Not Started","High","[Date]","[Date]","[X] days","0%","3.3","","","","","","█",""
"4.2","Integration testing","[Owner]","☐ Not Started","High","[Date]","[Date]","[X] days","0%","4.1","","","","","","█",""
"4.3","UAT","[Owner]","☐ Not Started","High","[Date]","[Date]","[X] days","0%","4.2","","","","","","█",""
"","","","","","","","","","","","","","","","",""
"5","[Phase 5: Deployment]","","","","","","","","","","","","","","",""
"5.1","Production deployment","[Owner]","☐ Not Started","Critical","[Date]","[Date]","1 day","0%","4.3","","","","","","█",""
"5.2","Post-launch monitoring","[Owner]","☐ Not Started","High","[Date]","[Date]","[X] days","0%","5.1","","","","","","█",""
"5.3","Project closeout","[Owner]","☐ Not Started","Medium","[Date]","[Date]","[X] days","0%","5.2","","","","","","█",""
,,,,,,,,,,,,,,,,
"=== MILESTONES ===",,,,,,,,,,,,,,,,
"Milestone","Target Date","Actual Date","Status","Owner","Notes",,,,,,,,,,,
"Project Kickoff","[DATE]","","☐ Pending","[Owner]","",,,,,,,,,,,
"Design Complete","[DATE]","","☐ Pending","[Owner]","",,,,,,,,,,,
"Development Complete","[DATE]","","☐ Pending","[Owner]","",,,,,,,,,,,
"Testing Complete","[DATE]","","☐ Pending","[Owner]","",,,,,,,,,,,
"Go Live","[DATE]","","☐ Pending","[Owner]","",,,,,,,,,,,
,,,,,,,,,,,,,,,,
"=== RISK REGISTER ===",,,,,,,,,,,,,,,,
"Risk ID","Description","Probability","Impact","Risk Score","Mitigation","Owner","Status",,,,,,,,,
"R1","[Risk description]","☐H ☐M ☐L","☐H ☐M ☐L","=IF(C52=""H"",3,IF(C52=""M"",2,1))*IF(D52=""H"",3,IF(D52=""M"",2,1))","[Mitigation strategy]","[Owner]","☐ Open",,,,,,,,,
"R2","[Risk description]","☐H ☐M ☐L","☐H ☐M ☐L","","[Mitigation strategy]","[Owner]","☐ Open",,,,,,,,,
"R3","[Risk description]","☐H ☐M ☐L","☐H ☐M ☐L","","[Mitigation strategy]","[Owner]","☐ Open",,,,,,,,,
,,,,,,,,,,,,,,,,
"=== STATUS SUMMARY ===",,,,,,,,,,,,,,,,
"Metric","Value","Status",,,,,,,,,,,,,
"Total Tasks","=COUNTA(B12:B40)-COUNTBLANK(B12:B40)","",,,,,,,,,,,,,
"Completed","=COUNTIF(D12:D40,""☐ Complete"")","",,,,,,,,,,,,,
"In Progress","=COUNTIF(D12:D40,""☐ In Progress"")","",,,,,,,,,,,,,
"Not Started","=COUNTIF(D12:D40,""☐ Not Started"")","",,,,,,,,,,,,,
"Overall Progress","=AVERAGE(I12:I40)","=IF(B62>=0.8,""On Track"",IF(B62>=0.5,""At Risk"",""Behind""))",,,,,,,,,,,,,
